7-up,food
7-ups,food
abalone,food
abalones,food
absinthe,food
absinthes,food
acai,food
acais,food
ackee,food
ackees,food
acohol,food
acohols,food
acorn,food
acorn squash,food
acorn squashes,food
acorns,food
aduki beans,food
advocaat,food
advocaats,food
agar,food
agars,food
agave,food
agaves,food
aguardiente,food
aguardientes,food
albumen,food
alcapurria roll,food
alcapurria rolls,food
alcoholic beverage,food
alcoholic beverages,food
alcoholic drink,food
alcoholic drinks,food
ale,food
ales,food
alfalfa,food
alfalfa sprout,food
alfalfa sprouts,food
alfalfas,food
alfredo,food
alfredoes,food
all-bran,food
all-bran loaf,food
all-bran loaves,food
all-brans,food
allspice,food
allspices,food
almond,food
almond butter,food
almond butters,food
almonds,food
alochol,food
alochols,food
amaranth,food
amaranth leaves,food
amaranths,food
amla,food
amlas,food
anchovies,food
anchovy,food
anchovy dressing,food
anchovy dressings,food
angel hair pasta,food
angel hair pastas,food
animal cookie,food
animal cookies,food
anise,food
anise seeds,food
anises,food
anniseed,food
anniseeds,food
apple,food
apple crumble,food
apple crumbles,food
apple juice,food
apple juice concentrate,food
apple juice concentrates,food
apple juices,food
apple pie,food
apple pies,food
apple sauce,food
apple sauces,food
apple slice,food
applebee's,food
applejack,food
applejacks,food
apples,food
applesauce,food
applesauces,food
applewood bacon,food
applewood bacons,food
apricot,food
apricots,food
aptamil,food
aptamils,food
arctic roll,food
arctic rolls,food
arepa,food
arepas,food
arizona iced tea,food
arizona iced teas,food
arrowhead,food
arrowheads,food
arrowroot,food
arrowroots,food
artichoke,food
artichoke hearts,food
artichokes,food
arugula,food
arugulas,food
asafoetida,food
asafoetidas,food
asian pastries,food
asian pears,food
asparagus,food
atlantic cod,food
atlantic cods,food
atlantic salmon,food
atlantic salmons,food
aubergine,food
aubergines,food
avgolemono,food
avgolemonos,food
avocado,food
avocadoes,food
avocados,food
ayote,food
ayotes,food
ayr,food
ayrs,food
azuki bean,food
azuki beans,food
baba ganoush,food
baba ganoushes,food
babaco,food
babacoes,food
baby corn,food
baby corns,food
bacardi,food
bacardis,food
bacha,food
bachas,food
back bacon,food
back bacons,food
bacon,food
bacon loin steaks,food
bacon rasher,food
bacon rashers,food
bacons,food
bagel,food
bagels,food
bagoong,food
bagoongs,food
bajra,food
bajras,food
baked beans,food
baked chicken,food
baked chickens,food
baked potato,food
baked potatoes,food
baker's chocolate,food
baker's chocolates,food
bakewell tart,food
bakewell tarts,food
baklava,food
baklavas,food
bakmi,food
bakmis,food
balor beans,food
bamboo,food
bamboo shoot,food
bamboo shoots,food
bamboos,food
banana,food
banana bread,food
banana breads,food
banana chip,food
banana chips,food
banana flower,food
banana flowers,food
banana split,food
banana splits,food
banana squash,food
banana squashes,food
bananas,food
bannock,food
bannocks,food
banoffee pie,food
banoffee pies,food
barbecue,food
barbecue beans,food
barbecue sauce,food
barbecue sauces,food
barbecues,food
barcelona nut,food
barcelona nuts,food
barley,food
barley water,food
barley waters,food
barleys,food
basa,food
basas,food
basil,food
basils,food
bass,food
batata frita,food
batata fritas,food
battenburg cake,food
battenburg cakes,food
bay leaf,food
bay leaves,food
bbq,food
bbq sauce,food
bbq sauces,food
bbqs,food
bean,food
bean loaf,food
bean loaves,food
bean sprout,food
bean sprouts,food
beanburger,food
beanburgers,food
beans,food
beansprout,food
beansprouts,food
beef,food
beef bourguignonne,food
beef bourguignonnes,food
beef casserole,food
beef casseroles,food
beef chow mein,food
beef chow meins,food
beef curries,food
beef curry,food
beef enchiladas,food
beef in sauce with vegetables,food
beef jerkies,food
beef jerky,food
beef kheema,food
beef kheemas,food
beef koftas,food
beef pie,food
beef pies,food
beef sausage,food
beef sausages,food
beef steak pudding,food
beef steak puddings,food
beef stew,food
beef stew and dumplings,food
beef stews,food
beef stir-fried with green peppers in black bean sauce,food
beef stroganoff,food
beef stroganoffs,food
beef wellington,food
beef wellingtons,food
beefburgers,food
beefburgers in gravy,food
beefs,food
beer,food
beers,food
beet,food
beet greens,food
beet root,food
beet roots,food
beetroot,food
beetroots,food
beets,food
beignet,food
beignets,food
bele,food
beles,food
belgian endive,food
belgian endives,food
bell pepper,food
bell peppers,food
bergamot,food
bergamots,food
berries,food
berry,food
betel leaves,food
betel nuts,food
beverage,food
beverages,food
bhaji,food
bhajis,food
bierwurst,food
bierwursts,food
big mac,food
big macs,food
bilberries,food
bilberry,food
birthday cake,food
birthday cakes,food
biryani,food
biryanis,food
biscuit,food
biscuits,food
bison,food
bisons,food
bitter,food
bitter melon,food
bitter melons,food
bitters,food
black - eyed peas,food
black bean,food
black bean sauce,food
black bean sauces,food
black beans,food
black berries,food
black bread,food
black breads,food
black cabbage,food
black cabbages,food
black cod,food
black cods,food
black currants,food
black eye peas,food
black grapes,food
black olives,food
black pepper,food
black peppers,food
black pudding,food
black puddings,food
black tea,food
black teas,food
black-eyed pea,food
black-eyed peas,food
blackberries,food
blackberry,food
blackcurrant,food
blackcurrant juice drink,food
blackcurrant juice drinks,food
blackcurrant seed oil,food
blackcurrant seed oils,food
blackcurrants,food
blackeye beans,food
blackeyed peas,food
blackpepper,food
blackpeppers,food
blended spread,food
blended spreads,food
bloater,food
bloaters,food
blood orange,food
blood oranges,food
bloody maries,food
bloody mary,food
bloody marys,food
blowfish,food
blt,food
blts,food
blue berries,food
blue cheese,food
blue cheeses,food
blueberries,food
blueberry,food
bluefin tuna,food
bluefin tunas,food
bluefish,food
boal,food
boals,food
boar,food
boars,food
boiled egg,food
boiled eggs,food
boiled rice,food
boiled rices,food
boiled sweet,food
boiled sweets,food
bok choi,food
bok chois,food
bok choy,food
bok choys,food
bolognese sauce,food
bolognese sauces,food
bombay duck,food
bombay ducks,food
bombay mix,food
bombay mixes,food
bone marrow,food
bone marrows,food
booze,food
boozes,food
borlotti bean,food
borlotti beans,food
bottled water,food
bottled waters,food
bouillabaisse,food
bouillabaisses,food
bounty bar,food
bounty bars,food
bourbon,food
bourbons,food
bournvita powder,food
bournvita powders,food
boysenberries,food
boysenberry,food
boysenberry syrup,food
boysenberry syrups,food
brain,food
brains,food
bran,food
bran flakes,food
brandies,food
brandy,food
brandy snap,food
brandy snaps,food
brans,food
brassica,food
brassicas,food
bratwurst,food
bratwursts,food
brawn,food
brawns,food
brazil nut,food
brazil nuts,food
bread,food
bread and butter pudding,food
bread and butter puddings,food
bread crumbs,food
bread crusts,food
bread pudding,food
bread puddings,food
bread sauce,food
bread sauces,food
bread sticks,food
breadcrumb,food
breadcrumbs,food
breadfruit,food
breadfruits,food
breadnut seed,food
breadnut seeds,food
breads,food
breadstick,food
breadsticks,food
breakfast cereal,food
breakfast cereals,food
breakfast milk,food
breakfast milks,food
bream,food
breezer,food
breezers,food
brews,food
brie,food
bries,food
brill,food
brills,food
brinjal,food
brinjals,food
brioches,food
brisket,food
briskets,food
broad bean,food
broad beans,food
broccoflower,food
broccoflower (a hybrid),food
broccoflower (a hybrid)s,food
broccoflowers,food
broccoli,food
broccoli in cheese sauce,food
broccoli rabe,food
broccoli rabes,food
broccolis,food
brocolli,food
brocollis,food
brook trout,food
brook trouts,food
broth,food
broths,food
brown ale,food
brown ales,food
brown bread,food
brown breads,food
brown rice,food
brown rices,food
brown roll,food
brown rolls,food
brown sauce,food
brown sauces,food
brown sugar,food
brown sugars,food
brown trout,food
brown trouts,food
brownie,food
brownie royale,food
brownie royales,food
brownies,food
brussel sprout,food
brussel sprouts,food
brussels sprout,food
brussels sprouts,food
bubble tea,food
bubble teas,food
buckwheat,food
buckwheats,food
budlight,food
budlights,food
buffalo,food
buffalo meat,food
buffalo meats,food
buffaloes,food
bugles,food
bulgogi,food
bulgogis,food
bulgur wheat,food
bulgur wheats,food
bun,food
buns,food
burfi,food
burfis,food
burger,food
burger buns,food
burger king,food
burger kings,food
burgerking,food
burgerkings,food
burgers,food
burrito,food
burritoes,food
butter,food
butter bean,food
butter beans,food
butter fish,food
butter toffee,food
butter toffees,food
buttered toast,food
buttered toasts,food
butterfinger,food
butterfingers,food
buttermilk,food
buttermilk powder,food
buttermilk powders,food
buttermilks,food
butternut squash,food
butternut squashes,food
butters,food
button mushrooms,food
cabbage,food
cabbage slaw,food
cabbage slaws,food
cabbages,food
cacao,food
cacao nibs,food
cacao powder,food
cacao powders,food
cacaos,food
caesar salad,food
caesar salads,food
cajun shrimp,food
cajun shrimps,food
cake,food
cake mix,food
cake mixes,food
cake pops,food
cakepops,food
cakes,food
calabash,food
calabashes,food
calabrese,food
calamari,food
calamaris,food
california roll,food
california rolls,food
callaloo,food
callaloo and cho cho,food
callaloo and cho choes,food
callaloos,food
canadian bacon,food
canadian bacons,food
candied yam,food
candied yams,food
candies,food
candy,food
candy bars,food
cane juice,food
cane juices,food
canned milk,food
canned milks,food
cannelloni,food
cannellonis,food
canola,food
canolas,food
cantaloupe,food
cantaloupes,food
cantelope,food
cantelopes,food
capers,food
cappuccino,food
cappuccinos,food
cappucinno,food
cappucinnoes,food
cappucino,food
cappucinoes,food
caprese salad,food
caprese salads,food
capsicum,food
capsicums,food
carambola,food
carambolas,food
caramel,food
caramelized onions,food
caramelized shallots,food
caramels,food
caraway,food
caraway seeds,food
caraways,food
cardamom,food
cardamoms,food
cardoon,food
cardoons,food
caribou,food
caribous,food
carp,food
carraway,food
carraways,food
carrot,food
carrot cake,food
carrot cakes,food
carrot juice,food
carrot juices,food
carrot soup,food
carrot soups,food
carrots,food
cashew,food
cashew fruit,food
cashew fruits,food
cashew nut,food
cashew nuts,food
cashews,food
cassava,food
cassava chips,food
cassavas,food
casserole,food
casseroles,food
cat fish,food
catfish,food
cauliflower,food
cauliflowers,food
caulis,food
caviar,food
caviare,food
caviares,food
caviars,food
cayenne,food
cayenne pepper,food
cayenne peppers,food
cayennes,food
celeriac,food
celeriacs,food
celeries,food
celery,food
celery root,food
celery roots,food
celery seeds,food
cellophane noodle,food
cellophane noodles,food
cellophone noodles,food
cereal,food
cereal chewy bar,food
cereal chewy bars,food
cereal crunchy bar,food
cereal crunchy bars,food
cereals,food
cervelat,food
cervelats,food
cerveza,food
cervezas,food
ceviche,food
ceviches,food
chablis,food
chai,food
chai latte,food
chai lattes,food
chais,food
chamomile,food
chamomiles,food
champagne,food
champagnes,food
chanterels,food
chapati,food
chapatis,food
chard,food
chards,food
chayote,food
chayotes,food
cheddar,food
cheddars,food
cheerios,food
cheese,food
cheese and onion roll,food
cheese and onion rolls,food
cheese and potato pie,food
cheese and potato pies,food
cheese burrito,food
cheese burritoes,food
cheese melt,food
cheese melts,food
cheese nachos,food
cheese pastries,food
cheese pastry,food
cheese pudding,food
cheese puddings,food
cheese sandwich biscuit,food
cheese sandwich biscuits,food
cheese sauce,food
cheese sauces,food
cheese spread,food
cheese spreads,food
cheeseburger,food
cheeseburgers,food
cheesecake,food
cheesecakes,food
cheeses,food
cheetoes,food
cheetos,food
cheez whiz,food
cheez whizzes,food
chelsea bun,food
chelsea buns,food
cherimoya,food
cherimoyas,food
cherries,food
cherry,food
cherry brandies,food
cherry brandy,food
cherry cake,food
cherry cakes,food
cherry coke,food
cherry cokes,food
cherry pie,food
cherry pies,food
chervil,food
chervils,food
chessy wedges,food
chestnut,food
chestnuts,food
chevre,food
chevres,food
chewing gum,food
chewing gums,food
chews,food
chia seeds,food
chic fil a,food
chic fil as,food
chick fil a,food
chick fil as,food
chick pea flour,food
chick pea flours,food
chick peas,food
chicken,food
chicken alfredo,food
chicken alfredoes,food
chicken and mushroom pie,food
chicken and mushroom pies,food
chicken breast,food
chicken breasts,food
chicken burger,food
chicken burgers,food
chicken cacciatore,food
chicken cacciatores,food
chicken chasseur,food
chicken chasseurs,food
chicken chop suey,food
chicken chop sueys,food
chicken chow mein,food
chicken chow meins,food
chicken curries,food
chicken curry,food
chicken feet,food
chicken finger,food
chicken fingers,food
chicken foot,food
chicken fricassee,food
chicken fricassees,food
chicken fried rice,food
chicken fried rices,food
chicken fried steak,food
chicken fried steaks,food
chicken kiev,food
chicken kievs,food
chicken korma,food
chicken kormas,food
chicken noodle soup,food
chicken noodle soups,food
chicken nugget,food
chicken nuggets,food
chicken pie,food
chicken pies,food
chicken risotto,food
chicken risottos,food
chicken satay,food
chicken satays,food
chicken slices,food
chicken soup,food
chicken soups,food
chicken tandoori,food
chicken tandooris,food
chicken tikka,food
chicken tikka masala,food
chicken tikka masalas,food
chicken tikkas,food
chicken vindaloo,food
chicken vindaloos,food
chicken wing,food
chicken wings,food
chicken with cashew nuts,food
chickens,food
chickfila,food
chickfilas,food
chickpea,food
chickpeas,food
chicories,food
chicory,food
chilean sea bass,food
chili,food
chili pepper,food
chili peppers,food
chili powder,food
chili powders,food
chilies,food
chilis,food
chilli,food
chilli beans,food
chilli con carne,food
chilli con carnes,food
chilli powder,food
chilli powders,food
chilli sauce,food
chilli sauces,food
chillies,food
chillis,food
chinese 5 spice,food
chinese 5 spices,food
chinese broccoli,food
chinese broccolis,food
chinese cakes and biscuits,food
chinese flaky pastries,food
chinese food,food
chinese foods,food
chinese salted fish,food
chinook salmon,food
chinook salmons,food
chip,food
chipolte,food
chipoltes,food
chips,food
chips ahoy,food
chips ahoys,food
chital,food
chitals,food
chitterlings,food
chivas,food
chive,food
chives,food
cho cho,food
cho cho fritters,food
cho choes,food
choc covered peeps,food
choc ice,food
choc ices,food
chocolate,food
chocolate bar,food
chocolate bars,food
chocolate biscuits,food
chocolate cake,food
chocolate cakes,food
chocolate chip,food
chocolate chip cookie ice cream,food
chocolate chip cookie ice creams,food
chocolate chip cookies,food
chocolate chips,food
chocolate covered bar with fruit/nut wafer/biscuit,food
chocolate covered caramels,food
chocolate covered marshmallow teacake,food
chocolate covered marshmallow teacakes,food
chocolate covered strawberries,food
chocolate cup cake,food
chocolate cup cakes,food
chocolate dairy desserts,food
chocolate fudge cake,food
chocolate fudge cakes,food
chocolate kisses,food
chocolate nut spread,food
chocolate nut spreads,food
chocolate nut sundae,food
chocolate nut sundaes,food
chocolate spread,food
chocolate spreads,food
chocolates,food
chole,food
choles,food
chops,food
chops and lumps,food
chorizo,food
chorizoes,food
choux buns,food
choux pastries,food
choux pastry,food
chow mein,food
chow meins,food
chowder,food
chowders,food
christmas pudding,food
christmas puddings,food
chutney,food
chutneys,food
ciabatta,food
ciabattas,food
cider,food
ciders,food
cilantro,food
cilantros,food
cinnabon,food
cinnabons,food
cinnamon,food
cinnamon roll,food
cinnamon rolls,food
cinnamon toast crunch,food
cinnamon toast crunches,food
cinnamons,food
cioppino,food
cioppinoes,food
citron,food
citrons,food
citrus,food
clam,food
clam chowder,food
clam chowders,food
clams,food
claret,food
clarets,food
clementine,food
clementines,food
cloudberries,food
cloudberry,food
clove,food
cloves,food
cluster beans,food
clusters,food
cobbler,food
cobblers,food
cockle,food
cockles,food
cocktail,food
cocktails,food
coco,food
coco fritters,food
coco pops,food
cocoa,food
cocoa butter,food
cocoa butter alternative,food
cocoa butter alternatives,food
cocoa butters,food
cocoa mix,food
cocoa mixes,food
cocoa nibs,food
cocoa pebbles,food
cocoa pops,food
cocoa powder,food
cocoa powders,food
cocoas,food
coconut,food
coconut cake,food
coconut cakes,food
coconut cream,food
coconut creams,food
coconut ice,food
coconut ices,food
coconut milk,food
coconut milks,food
coconut oil,food
coconut oils,food
coconut shavings,food
coconuts,food
cocos,food
cod,food
cod liver oil,food
cod liver oils,food
coffee,food
coffee and chicory essence,food
coffee and chicory essences,food
coffee compliment,food
coffee compliments,food
coffee whitener liquid,food
coffee whitener liquids,food
coffee whitener with glucose syrup and vegetable fat,food
coffeemate,food
coffeemates,food
coffees,food
coho salmon,food
coho salmons,food
cointreau,food
cointreaus,food
coke,food
cokes,food
cola,food
colas,food
cold side,food
cold sides,food
cold water,food
cold waters,food
cole leaves,food
cole slaw,food
cole slaws,food
coleslaw,food
coleslaws,food
coley,food
coleys,food
collard,food
collard green,food
collard greens,food
collards,food
comfrey,food
comfreys,food
complan,food
complan powder,food
complan powders,food
complans,food
compound cooking fat,food
compound cooking fats,food
conch,food
conches,food
condensed milk,food
condensed milks,food
condiment,food
condiments,food
cone,food
cones,food
confectioneries,food
confectionery,food
confections,food
congee,food
congees,food
conger eel,food
conger eels,food
consomme,food
consommes,food
coo-coo,food
coo-coos,food
cook-in-sauces,food
cookie,food
cookie crisp,food
cookie crisps,food
cookies,food
cooking oil,food
cooking oils,food
copra,food
copras,food
coq au vin,food
coq au vins,food
coriander,food
coriander leaves,food
coriander seeds,food
corianders,food
corn,food
corn and starch snacks,food
corn chowder,food
corn chowders,food
corn dog,food
corn dogs,food
corn flakes,food
corn fritters,food
corn meal,food
corn meals,food
corn oil,food
corn oils,food
corn on the cob,food
corn pudding,food
corn puddings,food
corn puff pastries,food
corn puff pastry,food
corn salad,food
corn salads,food
corn snacks,food
cornbread,food
cornbreads,food
corned beef,food
corned beef hash,food
corned beef hashes,food
corned beefs,food
cornetto type ice cream cone,food
cornetto type ice cream cones,food
cornflour,food
cornflours,food
cornish game hen,food
cornish game hens,food
cornish pastie,food
cornish pasties,food
cornish wafers,food
cornmeal,food
cornmeals,food
corns,food
corns on the cob,food
cornstarch,food
cornstarches,food
coronation chicken,food
coronation chickens,food
cottage cheese,food
cottage cheeses,food
cottage pie,food
cottage pies,food
cottage/shepherd's pie,food
cottage/shepherd's pies,food
cottoncandies,food
cottoncandy,food
cottonseed oil,food
cottonseed oils,food
courgette,food
courgettes,food
courgettes with eggs,food
couscous,food
cow & gate plus,food
cow & gate premium,food
cow & gate premiums,food
crab,food
crab cake,food
crab cakes,food
crab leg,food
crab legs,food
crabs,food
crabsticks,food
cracked wheat,food
cracked wheats,food
cracker,food
crackers,food
cranapple,food
cranapples,food
cranberries,food
cranberry,food
cranberry juice ,food
cranberry juices ,food
cranberry sauce,food
cranberry sauces,food
crappie,food
crappies,food
crawfish,food
crayfish,food
cream,food
cream crackers,food
cream horns,food
cream liqueurs,food
cream of tartar,food
cream of wheat,food
creamer,food
creamers,food
creampuff,food
creampuffs,food
creams,food
creme brulee,food
crËme brulee,food
creme brulees,food
crËme brulees,food
creme caramel,food
creme caramels,food
creme egg,food
creme eggs,food
creme fraiche,food
creme fraiches,food
crepe,food
crepes,food
cress,food
cresses,food
crisco,food
criscoes,food
crisp,food
crispbread,food
crispbreads,food
crispie cakes,food
crisps,food
crème caramel,food
crème caramels,food
crocodile,food
crocodiles,food
croissant,food
croissants,food
croquette,food
croquettes,food
crown royal,food
crown royals,food
crumble,food
crumbles,food
crumpet,food
crumpets,food
crunch biscuits,food
crunchy nut corn flakes,food
crunchy oat cereal,food
crunchy oat cereals,food
crust,food
crusts,food
cucumber,food
cucumber (biologically fruits,food
cucumbers,food
cuke,food
cukes,food
cumin,food
cumin seeds,food
cumins,food
cup-a-soup,food
cup-a-soups,food
cupcake,food
cupcakes,food
curacao,food
curacaos,food
curd,food
curds,food
curly fries,food
curly kale,food
curly kales,food
currant,food
currant bread,food
currant breads,food
currant buns,food
currant jellies,food
currant jelly,food
currants,food
curries,food
curry,food
curry goat,food
curry goats,food
curry leaves,food
curry paste,food
curry pastes,food
curry powder,food
curry powders,food
curry sauce,food
curry sauces,food
custard,food
custard apple/bullock's heart,food
custard apple/bullock's hearts,food
custard apple/sugar apple,food
custard apple/sugar apples,food
custard apples,food
custard powder,food
custard powders,food
custard tart,food
custard tarts,food
custards,food
cutlet,food
cutlets,food
cuttlefish,food
daal,food
daals,food
dab,food
dabs,food
daikon,food
daikons,food
daiquiri,food
daiquiris,food
dairies,food
dairy,food
dairy products,food
dairy queen,food
dairy queens,food
dairy spread (40% fat),food
dairy spread (40% fat)s,food
dal,food
dal dhokari,food
dal dhokaris,food
dals,food
damson,food
damsons,food
dandelion greens,food
dandelion leaves,food
danish,food
danish pastries,food
danishes,food
dark chocolate,food
dark chocolates,food
dark leafy greens,food
date,food
dates,food
decaf,food
decafs,food
deep fried chocolate,food
deep fried chocolates,food
deep fried oreos,food
deli food,food
deli foods,food
delicata,food
delicatas,food
denny's,food
dessert,food
desserts,food
deviled eggs,food
devilled kidneys,food
diced garlic,food
diced garlics,food
digestive biscuits,food
dill,food
dill seeds,food
dills,food
dim sum,food
dim sums,food
dip,food
dips,food
dogfish,food
doi,food
dois,food
dominoes,food
doner kebab in pitta bread with salad,food
doner kebabs,food
donut,food
donuts,food
dorade,food
dorades,food
dorito,food
doritoes,food
doritos,food
doritos loco,food
doritos locos,food
dosa,food
dosas,food
double cheeseburger,food
double cheeseburgers,food
double chocolate brownie,food
double chocolate brownies,food
double shot coffee,food
double shot coffees,food
dough,food
doughnuts,food
doughs,food
dover sole,food
dover soles,food
dr pepper,food
dr peppers,food
dr. pepper,food
dr. peppers,food
dragonfruit,food
dragonfruits,food
dragonwell tea,food
dragonwell teas,food
draught,food
draughts,food
dream topping,food
dream toppings,food
dressing,food
dressings,food
dried cherries,food
dried cherry,food
dried fruit,food
dried fruits,food
dried mixed fruit,food
dried mixed fruits,food
dried skimmed milk,food
dried skimmed milks,food
dried tomato,food
dried tomatoes,food
dried whole milk,food
dried whole milks,food
drink,food
drinking chocolate powder,food
drinking chocolate powders,food
drinks,food
dripping,food
drippings,food
drumstick leaves,food
drumstick pods,food
drupe,food
drupes,food
ducana,food
ducanas,food
duck,food
duck a l'orange,food
duck a l'oranges,food
duck with pineapple,food
ducks,food
dumpling,food
dumplings,food
durian,food
durians,food
earl grey,food
earl greys,food
eccles cake,food
eccles cakes,food
eclairs,food
economy burgers,food
edamame,food
edamames,food
eel,food
eels,food
egg,food
egg fried rice,food
egg fried rices,food
egg fu yung,food
egg fu yungs,food
egg mcmuffin,food
egg mcmuffins,food
egg nog,food
egg nogs,food
egg sandwich,food
egg sandwiches,food
egg white,food
egg whites,food
eggnog,food
eggnogs,food
eggplant,food
eggplant parmigiana,food
eggplant parmigianas,food
eggplants,food
eggs,food
eggs bennies,food
eggs benny,food
elderberries,food
elderberry,food
elmlea,food
elmleas,food
empanadas,food
emu,food
emus,food
enchilada,food
enchiladas,food
enchillada,food
enchilladas,food
endive,food
endives,food
energy drink,food
energy drinks,food
english muffin,food
english muffins,food
english toffee,food
english toffees,food
escarole,food
escaroles,food
espresso,food
espressos,food
ethanol,food
ethanols,food
ethiopian apple,food
ethiopian apples,food
evaporated milk,food
evaporated milks,food
fajita,food
fajitas,food
falafel,food
falafels,food
fanta,food
fantas,food
fast food,food
fast foods,food
fat,food
fats,food
fava bean,food
fava beans,food
feijoa,food
feijoas,food
fennel,food
fennel seed,food
fennel seeds,food
fennels,food
feta,food
feta cheese,food
feta cheeses,food
fetas,food
fettuccine,food
fettuccines,food
fiddlehead,food
fiddleheads,food
fig,food
fig roll,food
fig rolls,food
figs,food
filbert,food
filberts,food
filet,food
filet mignon,food
filet mignons,food
filets,food
fire - roasted corn,food
fire - roasted corns,food
fish,food
fish ball,food
fish balls,food
fish cake,food
fish cakes,food
fish finger,food
fish fingers,food
fish n chips,food
fish oil,food
fish oils,food
fish pie,food
fish pies,food
fisherman's pie,food
fisherman's pies,food
five layer burrito,food
five layer burritoes,food
flaky pastries,food
flaky pastry,food
flan,food
flans,food
flapjack,food
flapjacks,food
flat bread,food
flat breads,food
flat-leaf parsley,food
flat-leaf parsleys,food
flatbread,food
flatbreads,food
flax,food
flaxes,food
float,food
floats,food
flounder,food
flour,food
flours,food
fodder,food
fodders,food
foie gras,food
fois gras,food
fondant,food
fondants,food
forcemeats,food
fowl,food
fowls,food
frankfurter,food
frankfurters,food
frech fries,food
french fries,food
french onion soup,food
french onion soups,food
french roast,food
french roasts,food
french toast,food
french toasts,food
fried chicken,food
fried chickens,food
fried chorizo,food
fried chorizoes,food
fried dough,food
fried doughs,food
fried eggs,food
fried foods,food
fried tomato,food
fried tomatoes,food
fries,food
frijj,food
frijjs,food
frisee,food
frisees,food
frittata,food
frittatas,food
fritter,food
fritters,food
frog,food
frogs,food
fromage frais,food
frosted flakes,food
frosties,food
frosting,food
frostings,food
frosty,food
froyo,food
froyoes,food
frozen yogurt,food
frozen yogurts,food
fruit,food
fruit 'n fibre,food
fruit 'n fibres,food
fruit biscuit,food
fruit biscuits,food
fruit cake,food
fruit cakes,food
fruit cocktail,food
fruit cocktails,food
fruit drink,food
fruit drinks,food
fruit juice,food
fruit juice drink,food
fruit juice drinks,food
fruit juices,food
fruit loops,food
fruit pastille,food
fruit pastilles,food
fruit pie,food
fruit pies,food
fruit pulp,food
fruit pulps,food
fruit punch,food
fruit punches,food
fruit roll ups,food
fruit salad,food
fruit salads,food
fruit spread,food
fruit spreads,food
fruits,food
fudge,food
fudges,food
fungus,food
funnel cake,food
funnel cakes,food
gala apple,food
gala apples,food
galangal,food
galangals,food
game fish,food
garaetteok,food
garaetteoks,food
garlic,food
garlic bread,food
garlic breads,food
garlic powder,food
garlic powders,food
garlic puree,food
garlic purees,food
garlic sausage,food
garlic sausages,food
garlics,food
gateau,food
gateaus,food
gatorade,food
gatorades,food
gazpacho,food
gazpachoes,food
geese,food
gelatin,food
gelatine,food
gelatines,food
gelatins,food
gelato,food
gelatoes,food
gem squash,food
gem squashes,food
german sausage,food
german sausages,food
ghee,food
ghees,food
gherkin,food
gherkins,food
ghirardelli chocolate,food
ghirardelli chocolates,food
giblet,food
giblets,food
gin,food
ginger,food
ginger ale,food
ginger ales,food
ginger beer,food
ginger beers,food
ginger snaps,food
gingerbread,food
gingerbreads,food
gingernut biscuit,food
gingernut biscuits,food
gingers,food
gingersnaps,food
ginkgo biloba,food
ginkgo bilobas,food
gins,food
ginseng,food
ginsengs,food
girl scout cookie,food
girl scout cookies,food
gizzard,food
gizzards,food
gluten,food
glutens,food
glutinous rice,food
glutinous rices,food
glycerin,food
glycerins,food
goat,food
goats,food
goats milk,food
goats milks,food
gobies,food
goby,food
goji berries,food
goji berry,food
golden syrup,food
golden syrups,food
goldfish,food
goldfish cracker,food
goldfish crackers,food
goose,food
gooseberries,food
gooseberry,food
goreng,food
gorengs,food
gouda cheese,food
gouda cheeses,food
goulash,food
goulash soup,food
goulash soups,food
goulashes,food
gourd,food
gourds,food
graham,food
grahams,food
grain,food
grains,food
granary bread,food
granary breads,food
granary roll,food
granary rolls,food
granola,food
granola bar,food
granola bars,food
granolas,food
granulated sugar,food
granulated sugars,food
grape,food
grape juice,food
grape juices,food
grape leaves,food
grapefruit,food
grapefruit juice,food
grapefruit juices,food
grapefruits,food
grapenuts,food
grapes,food
gravies,food
gravy,food
greek salad,food
greek salads,food
greek yoghurt,food
greek yoghurts,food
greek yogurt,food
greek yogurts,food
green banana,food
green bananas,food
green bean,food
green beans,food
green bell pepper,food
green bell peppers,food
green cabbage,food
green cabbages,food
green chilli,food
green chillies,food
green chillis,food
green olive,food
green olives,food
green onion,food
green onions,food
green peas,food
green pepper,food
green peppers,food
green plantain,food
green plantains,food
green tea,food
green teas,food
green tomato,food
green tomatoes,food
green vegetable,food
green vegetables,food
greens,food
grilled asparagus,food
grilled cheese,food
grilled cheeses,food
grilled chicken,food
grilled chickens,food
grilled onion,food
grilled onions,food
grits,food
groats,food
grog,food
grogs,food
ground beef,food
ground beefs,food
ground meat,food
ground meats,food
ground nut,food
ground nuts,food
grouper,food
groupers,food
grouse,food
grouses,food
guac,food
guacamole,food
guacamoles,food
guacs,food
guava,food
guavas,food
guinea hen,food
guinea hens,food
guinness,food
gulab jamen,food
gumbo,food
gumbos,food
gummi,food
gummi bears,food
gummis,food
gummy bear,food
gummy bears,food
gummy worm,food
gummy worms,food
gums,food
gyokuro,food
gyokuroes,food
gyro,food
gyros,food
habanero,food
habaneroes,food
haddock,food
haddocks,food
haggis,food
hake,food
hakes,food
halibut,food
halibuts,food
halva,food
halvas,food
halwa,food
halwas,food
ham,food
hamburger,food
hamburger buns,food
hamburgers,food
hams,food
hard boiled egg,food
hard boiled eggs,food
hard taco,food
hard tacoes,food
hard-boiled egg,food
hard-boiled eggs,food
hare,food
hares,food
haricot bean,food
haricot beans,food
harissa,food
harissas,food
hart,food
harts,food
hash brown,food
hash browns,food
hashbrown,food
hashbrowns,food
havarti,food
havartis,food
hazel nut,food
hazel nuts,food
hazelnut,food
hazelnuts,food
heart,food
heart candies,food
hearts,food
hearts of palm,food
hennessies,food
hennessy,food
herb,food
herbal tea,food
herbal teas,food
herbs,food
herring,food
herrings,food
hershey kiss,food
high fructose corn syrup,food
high fructose corn syrups,food
hilsa,food
hilsas,food
hoki,food
hokis,food
hollandaise,food
hollandaise sauce,food
hollandaise sauces,food
hollandaises,food
home fries,food
hominies,food
hominy,food
honey,food
honeycomb,food
honeycombs,food
honeydew,food
honeydews,food
honeys,food
horchata,food
horchatas,food
horse,food
horse meat,food
horse meats,food
horsemeat,food
horsemeats,food
horseradish,food
horseradishes,food
horses,food
hot cakes,food
hot choc,food
hot chocolate,food
hot chocolates,food
hot chocs,food
hot cocoa,food
hot cocoas,food
hot cross buns,food
hot dog,food
hot dogs,food
hot mustard,food
hot mustards,food
hot pepper,food
hot pepper sauce,food
hot pepper sauces,food
hot peppers,food
hot sauce,food
hot sauces,food
hot tea,food
hot teas,food
hotdog,food
hotdogs,food
house salad,food
house salads,food
hubbard squash,food
hubbard squashes,food
huckleberries,food
huckleberry,food
huckleberry jam,food
huckleberry jams,food
hummus,food
ice,food
ice cream,food
ice cream bar,food
ice cream bars,food
ice creams,food
icecream,food
icecream bar,food
icecream bars,food
icecreams,food
iced coffee,food
iced coffees,food
iced green tea,food
iced green teas,food
iced tea,food
iced teas,food
ices,food
icing,food
icings,food
ihop,food
ihops,food
ilish,food
ilishes,food
in n out,food
in n outs,food
india pale ale,food
india pale ales,food
indian corn,food
indian corns,food
indian food,food
indian foods,food
instant coffee,food
instant coffees,food
irish potato,food
irish potatoes,food
irish stew,food
irish stews,food
irish whiskey,food
irish whiskeys,food
italian food,food
italian foods,food
italian sausage,food
italian sausages,food
jabuticaba,food
jabuticabas,food
jack daniel,food
jack daniels,food
jackfish,food
jackfruit,food
jackfruits,food
jaffa cake,food
jaffa cakes,food
jalapeno,food
jalapenoes,food
jalapenos,food
jam,food
jambul,food
jambuls,food
jams,food
japanese food,food
japanese foods,food
jasmine,food
jasmine rice,food
jasmine rices,food
jasmine tea,food
jasmine teas,food
jasmines,food
jell-o,food
jell-oes,food
jellies,food
jello,food
jelloes,food
jelly,food
jelly bean,food
jelly beans,food
jerk chicken,food
jerk chickens,food
jerkies,food
jerky,food
jerusalem artichoke,food
jerusalem artichokes,food
jicama,food
jicamas,food
john dories,food
john dory,food
juice,food
juices,food
jujube,food
jujubes,food
juniper berries,food
juniper berry,food
junk food,food
junk foods,food
kale,food
kales,food
kangaroo,food
kangaroos,food
kebab,food
kebabs,food
kentucky fried chicken,food
kentucky fried chickens,food
ketchup,food
ketchups,food
keurig,food
keurigs,food
key lime,food
key limes,food
kfc,food
kfcs,food
kidney,food
kidney bean,food
kidney beans,food
kidneys,food
kimchi,food
kimchis,food
king crab leg,food
king crab legs,food
king oyster,food
king oysters,food
kingfish,food
kipper,food
kippers,food
kit kat,food
kit kats,food
kiwi,food
kiwi fruit,food
kiwi fruits,food
kiwifruit,food
kiwifruits,food
kiwis,food
klondike bar,food
klondike bars,food
knackwurst,food
knackwursts,food
kohl rabi,food
kohl rabis,food
kohlrabi,food
kohlrabi greens,food
kohlrabis,food
kohlwurst,food
kohlwursts,food
kona,food
konas,food
kool aid,food
kool aids,food
kool-aid,food
kool-aids,food
koolaid,food
koolaids,food
kopi,food
kopiko coffee,food
kopiko coffees,food
kopis,food
korma,food
kormas,food
krackerwheat,food
krackerwheats,food
krispy kreme,food
krispy kremes,food
kulfi,food
kulfis,food
kumquat,food
kumquats,food
lactose-free milk,food
lactose-free milks,food
lager,food
lagers,food
lake trout,food
lake trouts,food
lamb,food
lamb biryani,food
lamb biryanis,food
lamb chop,food
lamb chops,food
lamb curries,food
lamb curry,food
lamb kheema,food
lamb kheemas,food
lamb kofta,food
lamb koftas,food
lamb leg,food
lamb legs,food
lamb roast,food
lamb roasts,food
lamb rogan josh,food
lamb rogan joshes,food
lamb samosa,food
lamb samosas,food
lamb vindaloo,food
lamb vindaloos,food
lambs,food
lamprey,food
lampreys,food
lard,food
lards,food
largemouth bass,food
lasagna,food
lasagnas,food
lasagne,food
lasagnes,food
lassi,food
lassis,food
latte,food
lattes,food
lavazza,food
lavazzas,food
lavender,food
lavenders,food
leafy green,food
leafy greens,food
lebanese food,food
lebanese foods,food
leek,food
leeks,food
leg of lamb,food
legume,food
legumes,food
lemon,food
lemon chicken,food
lemon chickens,food
lemon curd,food
lemon curds,food
lemon grass,food
lemon juice,food
lemon juices,food
lemon meringue pie,food
lemon meringue pies,food
lemon peel,food
lemon peels,food
lemon rind,food
lemon rinds,food
lemon sole,food
lemon soles,food
lemonade,food
lemonades,food
lemongrass,food
lemons,food
lentil,food
lentil soup,food
lentil soups,food
lentils,food
lettuce,food
lettuces,food
licorice,food
licorices,food
life saver,food
life savers,food
light mayo,food
light mayoes,food
lima bean,food
lima beans,food
lime,food
limes,food
ling,food
ling cod,food
ling cods,food
lingcod,food
lingcods,food
lings,food
lingzhi,food
lingzhis,food
liqueur,food
liqueurs,food
liquor,food
liquorice,food
liquorices,food
liquors,food
litchi,food
litchis,food
liver,food
liver and onions,food
liver sausage,food
liver sausages,food
livers,food
lobster,food
lobster roll,food
lobster rolls,food
lobsters,food
loco,food
locos,food
loganberries,food
lollies,food
lollipop,food
lollipops,food
lolly,food
london broil,food
london broils,food
long island,food
long island ice tee,food
long island ice tees,food
long islands,food
longan,food
longans,food
loquat,food
loquats,food
lotus root,food
lotus roots,food
lotus seed,food
lotus seeds,food
low fat yogurt,food
low fat yogurts,food
lox,food
loxes,food
luncheon meat,food
luncheon meats,food
lychee,food
lychee martini,food
lychee martinis,food
lychees,food
mac ' n cheese,food
mac ' n cheeses,food
mac & cheese,food
mac & cheeses,food
mac and cheese,food
mac and cheeses,food
mac n cheese,food
mac n cheeses,food
macadamia nut,food
macadamia nuts,food
macaron,food
macaroni,food
macaroni and cheese,food
macaroni and cheeses,food
macaroni cheese,food
macaroni cheeses,food
macaroni salad,food
macaroni salads,food
macaronis,food
macarons,food
macaroon,food
macaroons,food
macchiato,food
macchiatoes,food
mace,food
maces,food
macflurries,food
macflurry,food
mackerel,food
macnchz,food
macnchzzes,food
madeira cake,food
madeira cakes,food
mahi mahi,food
mahi mahis,food
mai tai,food
mai tais,food
maize,food
maizes,food
malt drinks,food
malt liquor,food
malt liquors,food
malteaser bunnies,food
malteaser bunny,food
malted milk,food
malted milks,food
mamey,food
mameys,food
manchego,food
manchegoes,food
manchet,food
manchets,food
mandarin orange,food
mandarin oranges,food
mandarine,food
mandarines,food
mangel-wurzel,food
mangel-wurzels,food
mangetout,food
mangetouts,food
mango,food
mango juice,food
mango juices,food
mangoes,food
mangos,food
mangosteen,food
mangosteens,food
mangu,food
mangus,food
manioc,food
maniocs,food
maple bacon donut,food
maple bacon donuts,food
maple syrup,food
maple syrups,food
maraca pie,food
maraca pies,food
margarine,food
margarines,food
margarita,food
margaritas,food
marinade,food
marinades,food
marionberries,food
marionberry,food
marjoram,food
marjorams,food
marlin,food
marlins,food
marmalade,food
marmalades,food
marrow,food
marrows,food
mars bar,food
mars bars,food
marshmallow,food
marshmallows,food
martini,food
martinis,food
marzipan,food
marzipans,food
mash,food
mashed potato,food
mashed potatoes,food
mashed pumpkin,food
mashed pumpkins,food
mashes,food
mayo,food
mayoes,food
mayonnaise,food
mayonnaises,food
mcbites,food
mcdonald's,food
mcdonalds,food
mcflurries,food
mcflurry,food
mcgriddle,food
mcgriddles,food
mcnuggets,food
mead,food
meads,food
meat,food
meat loaf,food
meat loaves,food
meat products,food
meatball,food
meatballs,food
meatcake,food
meatcakes,food
meatloaf,food
meatloafs,food
meats,food
mediterranean salad,food
mediterranean salads,food
melon,food
melons,food
meringue,food
meringues,food
mexican beans,food
mexican pizza,food
mexican pizzas,food
milk,food
milk powder,food
milk powders,food
milks,food
milkshake,food
milkshakes,food
milky way,food
milky ways,food
millet,food
millets,food
milo,food
milo powder,food
milo powders,food
miloes,food
mince,food
mince pie,food
mince pies,food
minced meat,food
minced meats,food
mincemeat,food
mincemeat tart,food
mincemeat tarts,food
mincemeats,food
minces,food
minestrone soup,food
minestrone soups,food
mini egg,food
mini eggs,food
mint,food
mint leaf,food
mint leaves,food
mint sauce,food
mint sauces,food
mints,food
miracle fruit,food
miracle fruits,food
miso,food
misoes,food
mission burrito,food
mission burritoes,food
mixed berries,food
mixed green salad,food
mixed green salads,food
mixed greens,food
mixed vegetables,food
mocca,food
moccas,food
mocha,food
mochas,food
mochi,food
mochis,food
molasses,food
mollusc,food
molluscs,food
monkfish,food
monterey jack,food
monterey jack cheese,food
monterey jack cheeses,food
monterey jacks,food
mooncake,food
mooncakes,food
moonshine,food
moonshines,food
moose,food
morning bun,food
morning buns,food
mortadella,food
mortadellas,food
moule,food
moules,food
mountain dew,food
mountain dews,food
moussaka,food
moussakas,food
mousse,food
mousses,food
moz cheese,food
moz cheeses,food
mozz cheese,food
mozz cheeses,food
mozz sticks,food
mozzarella,food
mozzarella sticks,food
mozzarellas,food
muesli,food
muesli bar,food
muesli bars,food
mueslis,food
muffin,food
muffins,food
muffuletta,food
muffulettas,food
mulberries,food
mulberry,food
mulled wine,food
mulled wines,food
mullet,food
mullets,food
multigrain bread,food
multigrain breads,food
mung bean,food
mung beans,food
mushroom,food
mushroom soup,food
mushroom soups,food
mushrooms,food
mushy peas,food
muskmelon,food
muskmelons,food
mussel,food
mussels,food
mustard,food
mustard green,food
mustard greens,food
mustard leaves,food
mustard seed,food
mustard seeds,food
mustards,food
mutton,food
muttons,food
naan bread,food
naan breads,food
nacho,food
nachoes,food
nachos,food
nance,food
nances,food
napa cabbage,food
napa cabbages,food
natural peanut butter,food
natural peanut butters,food
navy bean,food
navy beans,food
nectar,food
nectarine,food
nectarines,food
nectars,food
nestea,food
nesteas,food
nettle,food
nettles,food
nicoise olive,food
nicoise olives,food
noodle,food
noodles,food
nopale,food
nopales,food
nougat,food
nougats,food
nugget,food
nuggets,food
nut,food
nut bar,food
nut bars,food
nut butter,food
nut butters,food
nutella,food
nutellas,food
nutmeg,food
nutmegs,food
nutri-grain,food
nutri-grains,food
nuts,food
oat bran flakes,food
oatcake,food
oatcakes,food
oatmeal,food
oatmeals,food
oats,food
oca,food
ocas,food
octopus,food
oil,food
oils,food
oilseed,food
oilseeds,food
oj,food
ojs,food
okra,food
okras,food
olive,food
olive oil,food
olive oils,food
olives,food
omelette,food
omelettes,food
onion,food
onion ring,food
onion rings,food
onions,food
opossum,food
opossums,food
orange,food
orange juice,food
orange juices,food
orange roughies,food
orange roughy,food
orange soda,food
orange sodas,food
oranges,food
oregano,food
oreganos,food
oreo,food
oreos,food
organ meat,food
organ meats,food
organs,food
ostrich,food
ostriches,food
oven dried tomato,food
oven dried tomatoes,food
ox tongue,food
ox tongues,food
oxtail,food
oxtail soup,food
oxtail soups,food
oxtails,food
oyster,food
oysters,food
pad thai,food
pad thais,food
pakora,food
pakoras,food
pale ale,food
pale ales,food
pale lager,food
pale lagers,food
palm oil,food
palm oils,food
palm wine,food
palm wines,food
pancake,food
pancakes,food
panda express,food
paneer,food
paneer roll,food
paneer rolls,food
paneers,food
panera,food
paneras,food
papa jacks,food
papadum,food
papadums,food
papaya,food
papayas,food
pappadum,food
pappadums,food
paprika,food
paprikas,food
paratha,food
parathas,food
parfait,food
parfaits,food
parmesan,food
parmesans,food
parrot fish,food
parrott fish,food
parselies,food
parsely,food
parsley,food
parsley root,food
parsley roots,food
parsleys,food
parsnip,food
parsnips,food
partridge,food
partridges,food
pasilla,food
pasillas,food
passion fruit,food
passion fruit juice,food
passion fruit juices,food
passion fruits,food
passionfruit,food
passionfruits,food
pasta,food
pasta salad,food
pasta salads,food
pasta sauce,food
pasta sauces,food
pastas,food
pasti,food
pastis,food
pastrami,food
pastramis,food
pastries,food
pastry,food
pate,food
pate de foie gras,food
pates,food
patty pan,food
patty pans,food
pavlova,food
pea,food
pea soup,food
pea soups,food
peach,food
peach cobbler,food
peach cobblers,food
peach melba,food
peach melbas,food
peaches,food
peanut,food
peanut brittle,food
peanut brittles,food
peanut butter,food
peanut butters,food
peanuts,food
pear,food
pears,food
peas,food
peas and potatoes,food
pease,food
peases,food
pecan,food
pecan nut,food
pecan nuts,food
pecan pie,food
pecan pies,food
pecans,food
pellegrino,food
pellegrinoes,food
pemmican,food
pemmicans,food
penne pasta,food
penne pastas,food
pepper,food
peppermints,food
pepperoni,food
pepperonis,food
peppers,food
pepsi,food
pepsis,food
perch,food
perches,food
periwinkle,food
periwinkles,food
persimmon,food
persimmons,food
pesto,food
pesto sauce,food
pesto sauces,food
pestoes,food
pheasant,food
pheasants,food
philadelphia cheese,food
philadelphia cheeses,food
philadelphia cheesesteak,food
philadelphia cheesesteaks,food
philly cheese steak,food
philly cheese steaks,food
philly cheesesteak,food
philly cheesesteaks,food
pho,food
phoes,food
physalis,food
pickle,food
pickled vegetables,food
pickles,food
pico de gallo,food
pie,food
pierogi,food
pierogis,food
pies,food
pig,food
pig in blanket,food
pigeon,food
pigeons,food
pigs,food
pike,food
pikes,food
pilaf,food
pilafs,food
pilau,food
pilaus,food
pilchard,food
pilchards,food
pimenta,food
pimentas,food
pimento,food
pimentos,food
pimiento,food
pimientoes,food
pimientos,food
pine nut,food
pine nuts,food
pineapple,food
pineapple juice,food
pineapple juices,food
pineapples,food
pink lemonade,food
pink lemonades,food
pinto bean,food
pinto beans,food
pisang,food
pisangs,food
pistacchio nut,food
pistacchio nuts,food
pistachio,food
pistachio nut,food
pistachio nuts,food
pistachios,food
pita,food
pitas,food
pitta,food
pitta bread,food
pitta breads,food
pittas,food
pizza,food
pizza hut,food
pizza huts,food
pizzas,food
plantain,food
plantains,food
plum,food
plums,food
pluot,food
pluots,food
poached egg,food
poached eggs,food
poblano soup,food
poblano soups,food
poi,food
pois,food
polenta,food
polentas,food
pollack,food
pollacks,food
pollock,food
pollocks,food
pomegranate,food
pomegranate juice,food
pomegranate juices,food
pomegranates,food
pomelo,food
pomeloes,food
pomfret,food
pomfrets,food
pompano,food
pompanoes,food
pop,food
pop ,food
pop tart,food
pop tarts,food
pop-tarts,food
popcorn,food
popcorns,food
popover,food
popovers,food
poppy seed,food
poppy seeds,food
poppyseed,food
poppyseeds,food
pops,food
pops ,food
popsicle,food
popsicles,food
poptart,food
poptarts,food
pork,food
pork and beans,food
pork chop,food
pork chops,food
pork loin,food
pork loins,food
pork roast,food
pork roasts,food
pork sausage,food
pork sausages,food
pork shoulder,food
pork shoulders,food
pork spare ribs,food
porks,food
porridge,food
porridges,food
port,food
port wine,food
port wines,food
portabella mushroom,food
portabella mushrooms,food
portilllo,food
portillloes,food
portilllos,food
portobello mushroom,food
portobello mushrooms,food
ports,food
posole,food
posoles,food
pot roast,food
pot roasts,food
potato,food
potato and leek soup,food
potato and leek soups,food
potato cake,food
potato cakes,food
potato crisp,food
potato crisps,food
potato croquettes,food
potato gratin,food
potato gratins,food
potato salad,food
potato salads,food
potato skin,food
potato skins,food
potato wedges,food
potatoes,food
potatos,food
poultries,food
poultry,food
pound cake,food
pound cakes,food
powdered sugar,food
powdered sugars,food
powerade,food
powerades,food
prata,food
pratas,food
prawn,food
prawns,food
preserves,food
pretzel,food
pretzels,food
prickly pear,food
prickly pears,food
pringle,food
pringles,food
profiterole,food
profiteroles,food
prosciutto,food
prosciuttoes,food
protein bar,food
protein bars,food
provolone,food
provolones,food
prune,food
prune juice,food
prune juices,food
prunes,food
pudding,food
puddings,food
puff pastries,food
puff pastry,food
puffed potato products,food
puffed wheat,food
puffed wheats,food
pull pork,food
pull porks,food
pull-apart bread,food
pull-apart breads,food
pulled pork,food
pulled porks,food
pumpkin,food
pumpkin pie,food
pumpkin pies,food
pumpkin seeds,food
pumpkins,food
punch,food
punches,food
punjabi puri,food
punjabi puris,food
puree,food
purees,food
purple mangosteen,food
purple mangosteens,food
purple salsifies,food
purple salsify,food
purslain,food
purslains,food
purslane,food
purslanes,food
quail,food
quails,food
quark,food
quarks,food
quarterpounder,food
quarterpounder with cheese,food
quarterpounders,food
quesadilla,food
quesadillas,food
quiche,food
quiches,food
quince,food
quinces,food
quinoa,food
quinoas,food
rabbit,food
rabbit pie,food
rabbit pies,food
rabbits,food
rack of lamb,food
raddiccio,food
raddiccios,food
radicchio,food
radicchios,food
radish,food
radishes,food
ragout,food
ragouts,food
rainbow cake,food
rainbow cakes,food
rainbow trout,food
rainbow trouts,food
raisin,food
raisins,food
raita,food
raitas,food
rambutan,food
rambutans,food
ramen,food
ramen noodles,food
ranch dressing,food
ranch dressings,food
rapini,food
rapinis,food
raspberries,food
raspberry,food
ratatouille,food
ratatouilles,food
ravioli,food
raviolis,food
raw milk,food
raw milks,food
raw onion,food
raw onions,food
re-fried beans,food
red beans,food
red bull,food
red bulls,food
red cabbage,food
red cabbages,food
red chilli,food
red chillis,food
red kidney bean,food
red kidney beans,food
red onion,food
red onions,food
red pepper,food
red peppers,food
red potato,food
red potatoes,food
red rice,food
red rices,food
red snapper,food
red snappers,food
red spinach,food
red spinaches,food
red wine,food
red wines,food
redbull,food
redbulls,food
redcurrant,food
redcurrant jellies,food
redcurrant jelly,food
redcurrants,food
redfish,food
refined sugar,food
refined sugars,food
refried beans,food
relish,food
relishes,food
remoulade crema,food
remoulade cremas,food
reuben sandwich,food
reuben sandwiches,food
rhubarb,food
rhubarbs,food
ribeye,food
ribeyes,food
ribs,food
rice,food
rice and peas,food
rice cake,food
rice cakes,food
rice flour,food
rice flours,food
rice krispies,food
rice pelaf,food
rice pelafs,food
rice pilaf,food
rice pilafs,food
rice pudding,food
rice puddings,food
rices,food
ricotta,food
ricottas,food
risotto,food
risottos,food
roast,food
roasted corn,food
roasted corns,food
roasted pepper,food
roasted peppers,food
roasted red pepper,food
roasted red peppers,food
roasted tomato,food
roasted tomatoes,food
roasts,food
rock shrimp,food
rock shrimps,food
roe,food
roes,food
roll,food
rolled oyster,food
rolled oysters,food
rolls,food
roma tomato,food
roma tomatoes,food
romaine,food
romaines,food
root beer,food
root beers,food
rootbeer,food
rootbeers,food
rose water,food
rose waters,food
rosehip,food
rosehips,food
rosemaries,food
rosemary,food
rosewater,food
rosewaters,food
rum,food
rums,food
runner bean,food
runner beans,food
rutabaga,food
rutabagas,food
rye,food
rye bread,food
rye breads,food
ryes,food
sablefish,food
saffron,food
saffrons,food
sage,food
sages,food
sago,food
sagos,food
sake,food
sakes,food
salad,food
salad dressing,food
salad dressings,food
salads,food
salak,food
salaks,food
salal berries,food
salal berry,food
salami,food
salamis,food
salisbury steak,food
salisbury steaks,food
salmon,food
salmon en croute,food
salmon en croutes,food
salmonberries,food
salmonberry,food
salsa,food
salsas,food
salsifies,food
salsify,food
salt,food
salts,food
sambar,food
sambars,food
sammich,food
sammiches,food
samosa,food
samosas,food
sanddab,food
sanddabs,food
sandies,food
sandwich,food
sandwiches,food
sandy,food
sangria,food
sangrias,food
sardine,food
sardines,food
sashimi,food
sashimis,food
sassafras,food
satay,food
satays,food
satsuma,food
satsumas,food
sauce,food
sauces,food
sauerkraut,food
sauerkrauts,food
sausage,food
sausage gravies,food
sausage gravy,food
sausage patties,food
sausage patty,food
sausage roll,food
sausage rolls,food
sausages,food
sauvignon,food
sauvignons,food
saveloy,food
saveloys,food
savoury herbs,food
savoury rice,food
savoury rices,food
savoy greens,food
scallion,food
scallions,food
scallop,food
scallops,food
scampi,food
scampis,food
schnapps,food
schnitzel,food
schnitzels,food
scone,food
scones,food
scotch,food
scotch egg,food
scotch eggs,food
scotch pie,food
scotch pies,food
scotches,food
scrambled egg,food
scrambled eggs,food
sea bass,food
seafood,food
seafood cocktail,food
seafood cocktails,food
seafood pasta,food
seafood pastas,food
seafoods,food
seasoning,food
seasonings,food
seaweed,food
seaweeds,food
seedcake,food
seedcakes,food
semolina,food
semolinas,food
serrano,food
serranoes,food
sesame,food
sesame seeds,food
sesames,food
shad,food
shads,food
shake,food
shakes,food
shallot,food
shallots,food
shark,food
sharks,food
shawarma,food
shawarmas,food
sheep,food
shellfish,food
shepherd's pie,food
shepherd's pies,food
sherries,food
sherry,food
shiitake mushroom,food
shiitake mushrooms,food
shin of beef,food
shins of beef,food
shish kebab,food
shish kebabs,food
shitake,food
shitakes,food
short ribs,food
shortbread,food
shortbreads,food
shortcake,food
shortcakes,food
shortcrust pastries,food
shortcrust pastry,food
shortening,food
shortenings,food
shortrib,food
shortribs,food
shredded chicken,food
shredded chickens,food
shredded wheat,food
shredded wheats,food
shreddies,food
shrimp,food
shrimp romanesco,food
shrimp romanescoes,food
shrimp stew,food
shrimp stews,food
shrimps,food
single malt,food
single malts,food
six pack,food
six packs,food
skate,food
skates,food
skim milk,food
skim milks,food
skimmed milk,food
skimmed milks,food
skinnycow,food
skinnycows,food
skirret,food
skirrets,food
skittle,food
skittles,food
sliced carrot,food
sliced carrots,food
slim jim,food
slim jims,food
slinger,food
slingers,food
sloppy joe,food
sloppy joes,food
smarties,food
smelt,food
smelts,food
smoked bacon,food
smoked bacons,food
smoked pepitas,food
smoked salmon,food
smoked salmons,food
smoothie,food
smoothies,food
snail,food
snails,food
snake,food
snakehead,food
snakeheads,food
snakes,food
snap pea,food
snap peas,food
snapper,food
snappers,food
snicker,food
snickers,food
snickers bar,food
snickers bars,food
snow cap,food
snow caps,food
snow peas,food
soba,food
sobas,food
soda,food
soda bread,food
soda breads,food
sodas,food
soft boiled egg,food
soft boiled eggs,food
soft drink,food
soft drinks,food
soju,food
sojus,food
sole,food
soles,food
sorbet,food
sorbets,food
sorghum,food
sorghums,food
sorrel,food
sorrels,food
sotong,food
sotongs,food
souffle,food
souffles,food
soul food,food
soul foods,food
soup,food
soups,food
sour cream,food
sour creams,food
sour kraut,food
sour krauts,food
sour patch kids,food
sourkraut,food
sourkrauts,food
sours,food
soursop,food
soursops,food
soy,food
soy bean,food
soy beans,food
soy sauce,food
soy sauces,food
soya,food
soya beans,food
soyas,food
soys,food
spaghetti,food
spaghetti bolognese,food
spaghetti squash,food
spaghetti squashes,food
spaghettis,food
spam,food
spams,food
spanish chestnut,food
spanish chestnuts,food
spanish onion,food
spanish onions,food
spanish rice,food
spanish rices,food
spare ribs,food
sparkling water,food
sparkling waters,food
sparkling wine,food
sparkling wines,food
special k,food
special ks,food
spiced chai tea,food
spiced chai teas,food
spinach,food
spinach dip,food
spinach dips,food
spinaches,food
spiny lobster,food
spiny lobsters,food
splenda,food
splendas,food
split pea,food
split peas,food
sponge cake,food
sponge cake with butter icing,food
sponge cakes,food
sponge pudding,food
sponge puddings,food
spotted dick,food
spotted dicks,food
sprat,food
sprats,food
spring greens,food
spring onion,food
spring onions,food
spring rolls,food
sprite,food
sprites,food
sprouts,food
squab,food
squabs,food
squash,food
squashes,food
squashes (biologically fruits,food
squid,food
squids,food
squirrel,food
squirrels,food
star anise,food
star anises,food
star fruit,food
star fruits,food
starbucks,food
steak,food
steak and kidney pie,food
steak and kidney pies,food
steak and kidney pudding,food
steak and kidney puddings,food
steak and kidney/beef pie,food
steak and kidney/beef pies,food
steak frites,food
steak sandwich,food
steak sandwiches,food
steak sauce,food
steak sauces,food
steaklets,food
steaks,food
steamed oyster,food
steamed oysters,food
steamed veggies,food
stew,food
stewed steak with gravy,food
stews,food
sticky bun,food
sticky buns,food
sticky rice,food
sticky rices,food
stingray,food
stingrays,food
stinky tofu,food
stinky tofus,food
stirfries,food
stirfry,food
stock,food
stock cubes,food
stocks,food
stone fruit,food
stone fruits,food
stout,food
stouts,food
strawberries,food
strawberry,food
strawberry daiquiri,food
strawberry daiquiris,food
strawberry tartlets,food
string bean,food
string beans,food
string cheese,food
string cheeses,food
strong ale/barley wine,food
strong ale/barley wines,food
strudel,food
strudels,food
stuffed cabbage leaves,food
stuffed crust,food
stuffed crusts,food
stuffed pepper,food
stuffed peppers,food
stuffed zucchini,food
stuffed zucchinis,food
stuffing,food
stuffing mix,food
stuffing mixes,food
stuffings,food
sturgeon,food
sturgeons,food
subway,food
subways,food
succotash,food
succotashes,food
suet,food
suet pudding,food
suet puddings,food
suets,food
sugaa,food
sugaas,food
sugar,food
sugar cane,food
sugar canes,food
sugar cookie,food
sugar cookies,food
sugar puffs,food
sugar snap pea,food
sugar snap peas,food
sugar-snap peas,food
sugars,food
sugary cereal,food
sugary cereals,food
sultana bran,food
sultana brans,food
sultanas,food
summer squash,food
summer squashes,food
sun dried tomato,food
sun dried tomatoes,food
sun flower seed,food
sun flower seeds,food
sunchoke,food
sunchokes,food
sundae,food
sundaes,food
sunfish,food
sunflower oil,food
sunflower oils,food
sunflower seed,food
sunflower seeds,food
sunny delight,food
sunny delights,food
surf and turf,food
surf and turfs,food
surimi,food
surimis,food
sushi,food
sushis,food
swede,food
swedes,food
sweet,food
sweet and sour chicken,food
sweet and sour chickens,food
sweet and sour pork,food
sweet and sour porks,food
sweet and sour sauce,food
sweet and sour sauces,food
sweet chili,food
sweet chilis,food
sweet corn,food
sweet corns,food
sweet onion,food
sweet onions,food
sweet pepper,food
sweet peppers,food
sweet potato,food
sweet potato and onion layer,food
sweet potato and onion layers,food
sweet potatoes,food
sweet puddings,food
sweet sauce,food
sweet sauces,food
sweet taters,food
sweet tea,food
sweet teas,food
sweetbread,food
sweetbreads,food
sweetcorn,food
sweetcorns,food
sweetmeats,food
sweets,food
swiss chard,food
swiss chards,food
swiss cheese,food
swiss cheeses,food
swiss roll,food
swiss rolls,food
swiss steak,food
swiss steaks,food
sword beans,food
swordfish,food
syrup,food
syrups,food
szechuan prawns with vegetables,food
t bone steak,food
t bone steaks,food
t-bone steak,food
t-bone steaks,food
tabasco pepper,food
tabasco peppers,food
tabouleh,food
taboulehs,food
tabouli,food
taboulis,food
taco,food
taco bell,food
taco bells,food
tacobell,food
tacobells,food
tacoes,food
tacos,food
tagliatelle,food
tagliatelle with ham,food
tagliatelles,food
tahini paste,food
tahini pastes,food
tamarillo,food
tamarilloes,food
tamarillos,food
tamarind,food
tamarind leaves,food
tamarind pulp,food
tamarind pulps,food
tamarinds,food
tangerine,food
tangerines,food
tannia,food
tannias,food
tap water,food
tap waters,food
tapenade,food
tapenades,food
tapioca,food
tapiocas,food
taquito,food
taquitoes,food
taquitos,food
taramasalata,food
taramasalatas,food
taro,food
taro leaves,food
taroes,food
tarragon,food
tarragons,food
tart,food
tartar,food
tartare sauce,food
tartare sauces,food
tartars,food
tarte aux pommes,food
tarts,food
tat soi,food
tat sois,food
tater tot,food
tater tots,food
taters,food
tatties,food
tea,food
tea whitener powder,food
tea whitener powders,food
teacakes,food
teas,food
teddy grahams,food
tekwan,food
tekwans,food
tempeh,food
tempeh burgers,food
tempehs,food
tenderloin,food
tenderloins,food
tequila,food
tequilas,food
testis,food
tetrazzini,food
tetrazzinis,food
thai food,food
thai foods,food
thick crusted pizza,food
thick crusted pizzas,food
thin mint cookies,food
thyme,food
thymes,food
tigernuts,food
tilapia,food
tilapias,food
tilefish,food
tip top dessert topping,food
tip top dessert toppings,food
toad in the hole,food
toast,food
toaster strudel,food
toaster strudels,food
toasts,food
toddies,food
toddy,food
toffee,food
toffees,food
tofu,food
tofu burger,food
tofu burgers,food
tofu spread,food
tofu spreads,food
tofus,food
tomatillo,food
tomatilloes,food
tomato,food
tomato chutney,food
tomato chutneys,food
tomato compote,food
tomato compotes,food
tomato juice,food
tomato juices,food
tomato ketchup,food
tomato ketchups,food
tomato puree,food
tomato purees,food
tomato sauce,food
tomato sauces,food
tomato soup,food
tomato soups,food
tomatoes,food
tomatos,food
tongue,food
tongues,food
tonic,food
tonic water,food
tonic waters,food
tonics,food
tonkotsu,food
tonkotsus,food
topinambur,food
topinamburs,food
torrone nougat,food
torrone nougats,food
torte,food
tortes,food
tortilla,food
tortilla chips,food
tortillas,food
tostada,food
tostadas,food
tounge,food
tounges,food
trail mix,food
trail mixes,food
treacle,food
treacle tart,food
treacle tarts,food
treacles,food
treats,food
trifle,food
trifles,food
tripe,food
tripe and onions,food
tripes,food
triple sec,food
triple secs,food
tropical fruit,food
tropical fruits,food
tropical smoothie,food
tropical smoothies,food
trout,food
truffle,food
truffles,food
tuber,food
tubers,food
tuna,food
tuna casserole,food
tuna casseroles,food
tuna pate,food
tuna pates,food
tuna tartare,food
tuna tartares,food
tunnies,food
tunny,food
turbot,food
turbots,food
turducken,food
turduckens,food
turkey,food
turkey breast,food
turkey breasts,food
turkey pie,food
turkey pies,food
turkey roast,food
turkey roasts,food
turkey roll,food
turkey rolls,food
turkey sausages,food
turkey slice,food
turkeys,food
turkish delight,food
turkish delights,food
turmeric,food
turmerics,food
turnip,food
turnip green,food
turnip greens,food
turnips,food
turtle,food
turtles,food
twinkie,food
twinkies,food
twix,food
twixes,food
tzatziki,food
tzatzikis,food
udon,food
udons,food
ugli fruit,food
ugli fruits,food
unleavened bread,food
unleavened breads,food
unsweetened beverage,food
unsweetened beverages,food
v8,food
v8s,food
vanilla,food
vanilla extract,food
vanilla extracts,food
vanillas,food
veal,food
veal cutlets,food
veals,food
veg,food
vegetable,food
vegetable curries,food
vegetable curry,food
vegetable oil,food
vegetable oils,food
vegetables,food
veggie,food
veggie burger,food
veggie burgers,food
veggie cake,food
veggie cakes,food
veggies,food
vegs,food
venison,food
venisons,food
vermicelli,food
vermicellis,food
vermouth,food
vermouths,food
vetch,food
vetches,food
vichyssoise,food
vichyssoises,food
vine leaves,food
vinegar,food
vinegars,food
vodka,food
vodkas,food
wafer,food
wafers,food
waffle,food
waffles,food
wahoo,food
wahoos,food
walleye,food
walleyes,food
walnut,food
walnuts,food
wasabi,food
wasabis,food
water,food
water chestnut,food
water chestnuts,food
water spinach,food
water spinaches,food
watercress,food
watercresses,food
watermelon,food
watermelons,food
waters,food
wedding cake,food
wedding cakes,food
weetabix,food
weetabixes,food
weiner,food
weiners,food
welsh rarebit,food
welsh rarebits,food
wendy's,food
whale,food
whales,food
wheat,food
wheat germ,food
wheat germs,food
wheat grass,food
wheaties,food
wheatmeal,food
wheatmeals,food
wheats,food
whey,food
whey protein,food
whey proteins,food
wheys,food
whip cream,food
whip creams,food
whipcream,food
whipcreams,food
whipped cream,food
whipped creams,food
whipping cream,food
whipping creams,food
whiskey,food
whiskeys,food
whiskies,food
whisky,food
white bean,food
white beans,food
white bread,food
white breads,food
white cabbage,food
white cabbages,food
white castle breakfasts,food
white cheese,food
white cheeses,food
white chocolate,food
white chocolates,food
white corn,food
white corns,food
white fish,food
white grapes,food
white pudding,food
white puddings,food
white radish,food
white radishes,food
white rice,food
white rices,food
white rolls,food
white sauce,food
white sauces,food
white turnip,food
white turnips,food
white wine,food
white wines,food
whiteberries,food
whiteberry,food
whitefish,food
whiting,food
whole egg,food
whole eggs,food
whole milk,food
whole milks,food
whopper burger,food
whopper burgers,food
wiener schnitzel,food
wiener schnitzels,food
wild boar,food
wild boars,food
wild rice,food
wild rices,food
wildebeest,food
wildebeests,food
wine,food
wines,food
wings,food
winter melon,food
winter melons,food
winter squash,food
winter squashes,food
wonton,food
wontons,food
worcestershire,food
worcestershires,food
yam,food
yams,food
yeast,food
yeasts,food
yellow perch,food
yellow perches,food
yoghurt,food
yoghurts,food
yogurt,food
yogurts,food
yolk,food
yolks,food
yoplait,food
yoplaits,food
yorkshire pudding,food
yorkshire puddings,food
yuca,food
yucas,food
yucca,food
yuccas,food
yuzu,food
yuzus,food
zucchini,food
zucchinis,food